time,left_hip_pitch_joint,left_hip_roll_joint,left_hip_yaw_joint,left_knee_joint,left_ankle_pitch_joint,left_ankle_roll_joint,right_hip_pitch_joint,right_hip_roll_joint,right_hip_yaw_joint,right_knee_joint,right_ankle_pitch_joint,right_ankle_roll_joint,waist_yaw_joint,waist_roll_joint,waist_pitch_joint,left_shoulder_pitch_joint,left_shoulder_roll_joint,left_shoulder_yaw_joint,left_elbow_joint,left_wrist_roll_joint,left_wrist_pitch_joint,left_wrist_yaw_joint,right_shoulder_pitch_joint,right_shoulder_roll_joint,right_shoulder_yaw_joint,right_elbow_joint,right_wrist_roll_joint,right_wrist_pitch_joint,right_wrist_yaw_joint
0.0,-0.2,0.0,0.0,0.4,-0.2,0.0,-0.2,0.0,0.0,0.4,-0.2,0.0,0.0,0.0,0.0,0.0,0.0,0.0,0.5,0.0,0.0,0.0,0.0,0.0,0.0,0.5,0.0,0.0,0.0
0.02,-0.2125581039058627,0.0,0.0,0.41883715585879405,-0.1937209480470687,0.0,-0.2125581039058627,0.0,0.0,0.41883715585879405,-0.1937209480470687,0.0,0.0,0.0,0.0,0.0,0.0,0.0,0.4996053456856543,0.0,0.0,0.0,0.0,0.0,0.0,0.4996053456856543,0.0,0.0,0.0
0.04,-0.22506664671286086,0.0,0.0,0.4375999700692913,-0.18746667664356959,0.0,-0.22506664671286086,0.0,0.0,0.4375999700692913,-0.18746667664356959,0.0,0.0,0.0,0.0,0.0,0.0,0.0,0.4984229402628956,0.0,0.0,0.0,0.0,0.0,0.0,0.4984229402628956,0.0,0.0,0.0
0.06,-0.23747626291714494,0.0,0.0,0.4562143943757174,-0.18126186854142756,0.0,-0.23747626291714494,0.0,0.0,0.4562143943757174,-0.18126186854142756,0.0,0.0,0.0,0.0,0.0,0.0,0.0,0.4964574501457377,0.0,0.0,0.0,0.0,0.0,0.0,0.4964574501457377,0.0,0.0,0.0
0.08,-0.24973797743297096,0.0,0.0,0.47460696614945647,-0.17513101128351452,0.0,-0.24973797743297096,0.0,0.0,0.47460696614945647,-0.17513101128351452,0.0,0.0,0.0,0.0,0.0,0.0,0.0,0.4937166322257262,0.0,0.0,0.0,0.0,0.0,0.0,0.4937166322257262,0.0,0.0,0.0
0.1,-0.2618033988749895,0.0,0.0,0.4927050983124842,-0.16909830056250527,0.0,-0.2618033988749895,0.0,0.0,0.4927050983124842,-0.16909830056250527,0.0,0.0,0.0,0.0,0.0,0.0,0.0,0.49021130325903073,0.0,0.0,0.0,0.0,0.0,0.0,0.49021130325903073,0.0,0.0,0.0
0.12,-0.2736249105369356,0.0,0.0,0.5104373658054034,-0.1631875447315322,0.0,-0.2736249105369356,0.0,0.0,0.5104373658054034,-0.1631875447315322,0.0,0.0,0.0,0.0,0.0,0.0,0.0,0.4859552971776503,0.0,0.0,0.0,0.0,0.0,0.0,0.4859552971776503,0.0,0.0,0.0
0.14,-0.28515585831301454,0.0,0.0,0.5277337874695218,-0.15742207084349275,0.0,-0.28515585831301454,0.0,0.0,0.5277337874695218,-0.15742207084349275,0.0,0.0,0.0,0.0,0.0,0.0,0.0,0.4809654104932039,0.0,0.0,0.0,0.0,0.0,0.0,0.4809654104932039,0.0,0.0,0.0
0.16,-0.2963507348203431,0.0,0.0,0.5445261022305146,-0.15182463258982848,0.0,-0.2963507348203431,0.0,0.0,0.5445261022305146,-0.15182463258982848,0.0,0.0,0.0,0.0,0.0,0.0,0.0,0.47526133600877274,0.0,0.0,0.0,0.0,0.0,0.0,0.47526133600877274,0.0,0.0,0.0
0.18,-0.30716535899579933,0.0,0.0,0.560748038493699,-0.14641732050210035,0.0,-0.30716535899579933,0.0,0.0,0.560748038493699,-0.14641732050210035,0.0,0.0,0.0,0.0,0.0,0.0,0.0,0.468865585100403,0.0,0.0,0.0,0.0,0.0,0.0,0.468865585100403,0.0,0.0,0.0
0.2,-0.31755705045849464,0.0,0.0,0.576335575687742,-0.1412214747707527,0.0,-0.31755705045849464,0.0,0.0,0.576335575687742,-0.1412214747707527,0.0,0.0,0.0,0.0,0.0,0.0,0.0,0.4618033988749895,0.0,0.0,0.0,0.0,0.0,0.0,0.4618033988749895,0.0,0.0,0.0
0.22,-0.32748479794973795,0.0,0.0,0.5912271969246069,-0.13625760102513104,0.0,-0.32748479794973795,0.0,0.0,0.5912271969246069,-0.13625760102513104,0.0,0.0,0.0,0.0,0.0,0.0,0.0,0.45410264855515786,0.0,0.0,0.0,0.0,0.0,0.0,0.45410264855515786,0.0,0.0,0.0
0.24,-0.33690942118573775,0.0,0.0,0.6053641317786066,-0.13154528940713114,0.0,-0.33690942118573775,0.0,0.0,0.6053641317786066,-0.13154528940713114,0.0,0.0,0.0,0.0,0.0,0.0,0.0,0.4457937254842823,0.0,0.0,0.0,0.0,0.0,0.0,0.4457937254842823,0.0,0.0,0.0
0.26,-0.34579372548428233,0.0,0.0,0.6186905882264235,-0.12710313725785885,0.0,-0.34579372548428233,0.0,0.0,0.6186905882264235,-0.12710313725785885,0.0,0.0,0.0,0.0,0.0,0.0,0.0,0.4369094211857377,0.0,0.0,0.0,0.0,0.0,0.0,0.4369094211857377,0.0,0.0,0.0
0.28,-0.3541026485551579,0.0,0.0,0.6311539728327368,-0.12294867572242107,0.0,-0.3541026485551579,0.0,0.0,0.6311539728327368,-0.12294867572242107,0.0,0.0,0.0,0.0,0.0,0.0,0.0,0.4274847979497379,0.0,0.0,0.0,0.0,0.0,0.0,0.4274847979497379,0.0,0.0,0.0
0.3,-0.3618033988749895,0.0,0.0,0.6427050983124842,-0.11909830056250525,0.0,-0.3618033988749895,0.0,0.0,0.6427050983124842,-0.11909830056250525,0.0,0.0,0.0,0.0,0.0,0.0,0.0,0.4175570504584946,0.0,0.0,0.0,0.0,0.0,0.0,0.4175570504584946,0.0,0.0,0.0
0.32,-0.368865585100403,0.0,0.0,0.6532983776506045,-0.1155672074497985,0.0,-0.368865585100403,0.0,0.0,0.6532983776506045,-0.1155672074497985,0.0,0.0,0.0,0.0,0.0,0.0,0.0,0.4071653589957993,0.0,0.0,0.0,0.0,0.0,0.0,0.4071653589957993,0.0,0.0,0.0
0.34,-0.37526133600877276,0.0,0.0,0.6628920040131592,-0.11236933199561364,0.0,-0.37526133600877276,0.0,0.0,0.6628920040131592,-0.11236933199561364,0.0,0.0,0.0,0.0,0.0,0.0,0.0,0.396350734820343,0.0,0.0,0.0,0.0,0.0,0.0,0.396350734820343,0.0,0.0,0.0
0.36,-0.3809654104932039,0.0,0.0,0.6714481157398059,-0.10951729475339805,0.0,-0.3809654104932039,0.0,0.0,0.6714481157398059,-0.10951729475339805,0.0,0.0,0.0,0.0,0.0,0.0,0.0,0.3851558583130145,0.0,0.0,0.0,0.0,0.0,0.0,0.3851558583130145,0.0,0.0,0.0
0.38,-0.3859552971776503,0.0,0.0,0.6789329457664754,-0.10702235141117487,0.0,-0.3859552971776503,0.0,0.0,0.6789329457664754,-0.10702235141117487,0.0,0.0,0.0,0.0,0.0,0.0,0.0,0.3736249105369356,0.0,0.0,0.0,0.0,0.0,0.0,0.3736249105369356,0.0,0.0,0.0
0.4,-0.39021130325903075,0.0,0.0,0.685316954888546,-0.10489434837048466,0.0,-0.39021130325903075,0.0,0.0,0.685316954888546,-0.10489434837048466,0.0,0.0,0.0,0.0,0.0,0.0,0.0,0.36180339887498947,0.0,0.0,0.0,0.0,0.0,0.0,0.36180339887498947,0.0,0.0,0.0
0.42,-0.3937166322257262,0.0,0.0,0.6905749483385893,-0.1031416838871369,0.0,-0.3937166322257262,0.0,0.0,0.6905749483385893,-0.1031416838871369,0.0,0.0,0.0,0.0,0.0,0.0,0.0,0.34973797743297097,0.0,0.0,0.0,0.0,0.0,0.0,0.34973797743297097,0.0,0.0,0.0
0.44,-0.39645745014573774,0.0,0.0,0.6946861752186066,-0.10177127492713114,0.0,-0.39645745014573774,0.0,0.0,0.6946861752186066,-0.10177127492713114,0.0,0.0,0.0,0.0,0.0,0.0,0.0,0.33747626291714494,0.0,0.0,0.0,0.0,0.0,0.0,0.33747626291714494,0.0,0.0,0.0
0.46,-0.3984229402628956,0.0,0.0,0.6976344103943434,-0.10078852986855222,0.0,-0.3984229402628956,0.0,0.0,0.6976344103943434,-0.10078852986855222,0.0,0.0,0.0,0.0,0.0,0.0,0.0,0.32506664671286084,0.0,0.0,0.0,0.0,0.0,0.0,0.32506664671286084,0.0,0.0,0.0
0.48,-0.3996053456856543,0.0,0.0,0.6994080185284814,-0.10019732715717285,0.0,-0.3996053456856543,0.0,0.0,0.6994080185284814,-0.10019732715717285,0.0,0.0,0.0,0.0,0.0,0.0,0.0,0.3125581039058627,0.0,0.0,0.0,0.0,0.0,0.0,0.3125581039058627,0.0,0.0,0.0
0.5,-0.4,0.0,0.0,0.7,-0.1,0.0,-0.4,0.0,0.0,0.7,-0.1,0.0,0.0,0.0,0.0,0.0,0.0,0.0,0.3,0.0,0.0,0.0,0.0,0.0,0.0,0.3,0.0,0.0,0.0
0.52,-0.3996053456856543,0.0,0.0,0.6994080185284814,-0.10019732715717285,0.0,-0.3996053456856543,0.0,0.0,0.6994080185284814,-0.10019732715717285,0.0,0.0,0.0,0.0,0.0,0.0,0.0,0.2874418960941373,0.0,0.0,0.0,0.0,0.0,0.0,0.2874418960941373,0.0,0.0,0.0
0.54,-0.3984229402628956,0.0,0.0,0.6976344103943433,-0.10078852986855223,0.0,-0.3984229402628956,0.0,0.0,0.6976344103943433,-0.10078852986855223,0.0,0.0,0.0,0.0,0.0,0.0,0.0,0.27493335328713914,0.0,0.0,0.0,0.0,0.0,0.0,0.27493335328713914,0.0,0.0,0.0
0.56,-0.39645745014573774,0.0,0.0,0.6946861752186066,-0.10177127492713114,0.0,-0.39645745014573774,0.0,0.0,0.6946861752186066,-0.10177127492713114,0.0,0.0,0.0,0.0,0.0,0.0,0.0,0.26252373708285504,0.0,0.0,0.0,0.0,0.0,0.0,0.26252373708285504,0.0,0.0,0.0
0.58,-0.3937166322257263,0.0,0.0,0.6905749483385893,-0.10314168388713689,0.0,-0.3937166322257263,0.0,0.0,0.6905749483385893,-0.10314168388713689,0.0,0.0,0.0,0.0,0.0,0.0,0.0,0.25026202256702906,0.0,0.0,0.0,0.0,0.0,0.0,0.25026202256702906,0.0,0.0,0.0
0.6,-0.39021130325903075,0.0,0.0,0.685316954888546,-0.10489434837048464,0.0,-0.39021130325903075,0.0,0.0,0.685316954888546,-0.10489434837048464,0.0,0.0,0.0,0.0,0.0,0.0,0.0,0.2381966011250105,0.0,0.0,0.0,0.0,0.0,0.0,0.2381966011250105,0.0,0.0,0.0
0.62,-0.3859552971776503,0.0,0.0,0.6789329457664754,-0.10702235141117487,0.0,-0.3859552971776503,0.0,0.0,0.6789329457664754,-0.10702235141117487,0.0,0.0,0.0,0.0,0.0,0.0,0.0,0.2263750894630644,0.0,0.0,0.0,0.0,0.0,0.0,0.2263750894630644,0.0,0.0,0.0
0.64,-0.3809654104932039,0.0,0.0,0.6714481157398058,-0.10951729475339805,0.0,-0.3809654104932039,0.0,0.0,0.6714481157398058,-0.10951729475339805,0.0,0.0,0.0,0.0,0.0,0.0,0.0,0.21484414168698546,0.0,0.0,0.0,0.0,0.0,0.0,0.21484414168698546,0.0,0.0,0.0
0.66,-0.3752613360087727,0.0,0.0,0.6628920040131591,-0.11236933199561366,0.0,-0.3752613360087727,0.0,0.0,0.6628920040131591,-0.11236933199561366,0.0,0.0,0.0,0.0,0.0,0.0,0.0,0.2036492651796569,0.0,0.0,0.0,0.0,0.0,0.0,0.2036492651796569,0.0,0.0,0.0
0.68,-0.368865585100403,0.0,0.0,0.6532983776506045,-0.11556720744979851,0.0,-0.368865585100403,0.0,0.0,0.6532983776506045,-0.11556720744979851,0.0,0.0,0.0,0.0,0.0,0.0,0.0,0.1928346410042006,0.0,0.0,0.0,0.0,0.0,0.0,0.1928346410042006,0.0,0.0,0.0
0.7000000000000001,-0.3618033988749895,0.0,0.0,0.6427050983124842,-0.11909830056250525,0.0,-0.3618033988749895,0.0,0.0,0.6427050983124842,-0.11909830056250525,0.0,0.0,0.0,0.0,0.0,0.0,0.0,0.18244294954150536,0.0,0.0,0.0,0.0,0.0,0.0,0.18244294954150536,0.0,0.0,0.0
0.72,-0.3541026485551579,0.0,0.0,0.6311539728327368,-0.12294867572242107,0.0,-0.3541026485551579,0.0,0.0,0.6311539728327368,-0.12294867572242107,0.0,0.0,0.0,0.0,0.0,0.0,0.0,0.17251520205026202,0.0,0.0,0.0,0.0,0.0,0.0,0.17251520205026202,0.0,0.0,0.0
0.74,-0.34579372548428233,0.0,0.0,0.6186905882264234,-0.12710313725785888,0.0,-0.34579372548428233,0.0,0.0,0.6186905882264234,-0.12710313725785888,0.0,0.0,0.0,0.0,0.0,0.0,0.0,0.16309057881426223,0.0,0.0,0.0,0.0,0.0,0.0,0.16309057881426223,0.0,0.0,0.0
0.76,-0.33690942118573775,0.0,0.0,0.6053641317786067,-0.13154528940713112,0.0,-0.33690942118573775,0.0,0.0,0.6053641317786067,-0.13154528940713112,0.0,0.0,0.0,0.0,0.0,0.0,0.0,0.15420627451571772,0.0,0.0,0.0,0.0,0.0,0.0,0.15420627451571772,0.0,0.0,0.0
0.78,-0.32748479794973795,0.0,0.0,0.591227196924607,-0.13625760102513101,0.0,-0.32748479794973795,0.0,0.0,0.591227196924607,-0.13625760102513101,0.0,0.0,0.0,0.0,0.0,0.0,0.0,0.14589735144484214,0.0,0.0,0.0,0.0,0.0,0.0,0.14589735144484214,0.0,0.0,0.0
0.8,-0.3175570504584947,0.0,0.0,0.576335575687742,-0.1412214747707527,0.0,-0.3175570504584947,0.0,0.0,0.576335575687742,-0.1412214747707527,0.0,0.0,0.0,0.0,0.0,0.0,0.0,0.1381966011250105,0.0,0.0,0.0,0.0,0.0,0.0,0.1381966011250105,0.0,0.0,0.0
0.8200000000000001,-0.30716535899579933,0.0,0.0,0.560748038493699,-0.14641732050210035,0.0,-0.30716535899579933,0.0,0.0,0.560748038493699,-0.14641732050210035,0.0,0.0,0.0,0.0,0.0,0.0,0.0,0.13113441489959696,0.0,0.0,0.0,0.0,0.0,0.0,0.13113441489959696,0.0,0.0,0.0
0.84,-0.29635073482034313,0.0,0.0,0.5445261022305147,-0.15182463258982845,0.0,-0.29635073482034313,0.0,0.0,0.5445261022305147,-0.15182463258982845,0.0,0.0,0.0,0.0,0.0,0.0,0.0,0.1247386639912273,0.0,0.0,0.0,0.0,0.0,0.0,0.1247386639912273,0.0,0.0,0.0
0.86,-0.2851558583130146,0.0,0.0,0.5277337874695218,-0.15742207084349272,0.0,-0.2851558583130146,0.0,0.0,0.5277337874695218,-0.15742207084349272,0.0,0.0,0.0,0.0,0.0,0.0,0.0,0.1190345895067961,0.0,0.0,0.0,0.0,0.0,0.0,0.1190345895067961,0.0,0.0,0.0
0.88,-0.27362491053693566,0.0,0.0,0.5104373658054034,-0.16318754473153219,0.0,-0.27362491053693566,0.0,0.0,0.5104373658054034,-0.16318754473153219,0.0,0.0,0.0,0.0,0.0,0.0,0.0,0.11404470282234971,0.0,0.0,0.0,0.0,0.0,0.0,0.11404470282234971,0.0,0.0,0.0
0.9,-0.2618033988749895,0.0,0.0,0.49270509831248427,-0.16909830056250524,0.0,-0.2618033988749895,0.0,0.0,0.49270509831248427,-0.16909830056250524,0.0,0.0,0.0,0.0,0.0,0.0,0.0,0.10978869674096928,0.0,0.0,0.0,0.0,0.0,0.0,0.10978869674096928,0.0,0.0,0.0
0.92,-0.249737977432971,0.0,0.0,0.47460696614945647,-0.17513101128351452,0.0,-0.249737977432971,0.0,0.0,0.47460696614945647,-0.17513101128351452,0.0,0.0,0.0,0.0,0.0,0.0,0.0,0.10628336777427377,0.0,0.0,0.0,0.0,0.0,0.0,0.10628336777427377,0.0,0.0,0.0
0.9400000000000001,-0.23747626291714494,0.0,0.0,0.45621439437571737,-0.18126186854142756,0.0,-0.23747626291714494,0.0,0.0,0.45621439437571737,-0.18126186854142756,0.0,0.0,0.0,0.0,0.0,0.0,0.0,0.10354254985426223,0.0,0.0,0.0,0.0,0.0,0.0,0.10354254985426223,0.0,0.0,0.0
0.96,-0.22506664671286092,0.0,0.0,0.4375999700692914,-0.18746667664356956,0.0,-0.22506664671286092,0.0,0.0,0.4375999700692914,-0.18746667664356956,0.0,0.0,0.0,0.0,0.0,0.0,0.0,0.10157705973710443,0.0,0.0,0.0,0.0,0.0,0.0,0.10157705973710443,0.0,0.0,0.0
0.98,-0.21255810390586272,0.0,0.0,0.4188371558587941,-0.19372094804706866,0.0,-0.21255810390586272,0.0,0.0,0.4188371558587941,-0.19372094804706866,0.0,0.0,0.0,0.0,0.0,0.0,0.0,0.10039465431434566,0.0,0.0,0.0,0.0,0.0,0.0,0.10039465431434566,0.0,0.0,0.0
1.0,-0.20000000000000004,0.0,0.0,0.4000000000000001,-0.2,0.0,-0.20000000000000004,0.0,0.0,0.4000000000000001,-0.2,0.0,0.0,0.0,0.0,0.0,0.0,0.0,0.09999999999999998,0.0,0.0,0.0,0.0,0.0,0.0,0.09999999999999998,0.0,0.0,0.0
1.02,-0.18744189609413733,0.0,0.0,0.38116284414120605,-0.20627905195293134,0.0,-0.18744189609413733,0.0,0.0,0.38116284414120605,-0.20627905195293134,0.0,0.0,0.0,0.0,0.0,0.0,0.0,0.10039465431434566,0.0,0.0,0.0,0.0,0.0,0.0,0.10039465431434566,0.0,0.0,0.0
1.04,-0.17493335328713916,0.0,0.0,0.36240002993070874,-0.21253332335643044,0.0,-0.17493335328713916,0.0,0.0,0.36240002993070874,-0.21253332335643044,0.0,0.0,0.0,0.0,0.0,0.0,0.0,0.1015770597371044,0.0,0.0,0.0,0.0,0.0,0.0,0.1015770597371044,0.0,0.0,0.0
1.06,-0.16252373708285506,0.0,0.0,0.3437856056242826,-0.2187381314585725,0.0,-0.16252373708285506,0.0,0.0,0.3437856056242826,-0.2187381314585725,0.0,0.0,0.0,0.0,0.0,0.0,0.0,0.10354254985426226,0.0,0.0,0.0,0.0,0.0,0.0,0.10354254985426226,0.0,0.0,0.0
1.08,-0.150262022567029,0.0,0.0,0.3253930338505435,-0.22486898871648553,0.0,-0.150262022567029,0.0,0.0,0.3253930338505435,-0.22486898871648553,0.0,0.0,0.0,0.0,0.0,0.0,0.0,0.10628336777427377,0.0,0.0,0.0,0.0,0.0,0.0,0.10628336777427377,0.0,0.0,0.0
1.1,-0.13819660112501048,0.0,0.0,0.3072949016875157,-0.23090169943749478,0.0,-0.13819660112501048,0.0,0.0,0.3072949016875157,-0.23090169943749478,0.0,0.0,0.0,0.0,0.0,0.0,0.0,0.10978869674096928,0.0,0.0,0.0,0.0,0.0,0.0,0.10978869674096928,0.0,0.0,0.0
1.12,-0.12637508946306436,0.0,0.0,0.28956263419459655,-0.23681245526846784,0.0,-0.12637508946306436,0.0,0.0,0.28956263419459655,-0.23681245526846784,0.0,0.0,0.0,0.0,0.0,0.0,0.0,0.11404470282234974,0.0,0.0,0.0,0.0,0.0,0.0,0.11404470282234974,0.0,0.0,0.0
1.1400000000000001,-0.11484414168698548,0.0,0.0,0.2722662125304782,-0.24257792915650728,0.0,-0.11484414168698548,0.0,0.0,0.2722662125304782,-0.24257792915650728,0.0,0.0,0.0,0.0,0.0,0.0,0.0,0.11903458950679607,0.0,0.0,0.0,0.0,0.0,0.0,0.11903458950679607,0.0,0.0,0.0
1.16,-0.103649265179657,0.0,0.0,0.25547389776948554,-0.24817536741017152,0.0,-0.103649265179657,0.0,0.0,0.25547389776948554,-0.24817536741017152,0.0,0.0,0.0,0.0,0.0,0.0,0.0,0.12473866399122724,0.0,0.0,0.0,0.0,0.0,0.0,0.12473866399122724,0.0,0.0,0.0
1.18,-0.09283464100420072,0.0,0.0,0.2392519615063011,-0.25358267949789964,0.0,-0.09283464100420072,0.0,0.0,0.2392519615063011,-0.25358267949789964,0.0,0.0,0.0,0.0,0.0,0.0,0.0,0.13113441489959693,0.0,0.0,0.0,0.0,0.0,0.0,0.13113441489959693,0.0,0.0,0.0
1.2,-0.0824429495415054,0.0,0.0,0.2236644243122581,-0.2587785252292473,0.0,-0.0824429495415054,0.0,0.0,0.2236644243122581,-0.2587785252292473,0.0,0.0,0.0,0.0,0.0,0.0,0.0,0.13819660112501048,0.0,0.0,0.0,0.0,0.0,0.0,0.13819660112501048,0.0,0.0,0.0
1.22,-0.07251520205026207,0.0,0.0,0.20877280307539314,-0.26374239897486895,0.0,-0.07251520205026207,0.0,0.0,0.20877280307539314,-0.26374239897486895,0.0,0.0,0.0,0.0,0.0,0.0,0.0,0.14589735144484212,0.0,0.0,0.0,0.0,0.0,0.0,0.14589735144484212,0.0,0.0,0.0
1.24,-0.06309057881426225,0.0,0.0,0.19463586822139342,-0.2684547105928689,0.0,-0.06309057881426225,0.0,0.0,0.19463586822139342,-0.2684547105928689,0.0,0.0,0.0,0.0,0.0,0.0,0.0,0.15420627451571767,0.0,0.0,0.0,0.0,0.0,0.0,0.15420627451571767,0.0,0.0,0.0
1.26,-0.054206274515717745,0.0,0.0,0.18130941177357662,-0.27289686274214114,0.0,-0.054206274515717745,0.0,0.0,0.18130941177357662,-0.27289686274214114,0.0,0.0,0.0,0.0,0.0,0.0,0.0,0.1630905788142622,0.0,0.0,0.0,0.0,0.0,0.0,0.1630905788142622,0.0,0.0,0.0
1.28,-0.04589735144484214,0.0,0.0,0.1688460271672632,-0.27705132427757895,0.0,-0.04589735144484214,0.0,0.0,0.1688460271672632,-0.27705132427757895,0.0,0.0,0.0,0.0,0.0,0.0,0.0,0.17251520205026208,0.0,0.0,0.0,0.0,0.0,0.0,0.17251520205026208,0.0,0.0,0.0
1.3,-0.038196601125010526,0.0,0.0,0.15729490168751584,-0.28090169943749477,0.0,-0.038196601125010526,0.0,0.0,0.15729490168751584,-0.28090169943749477,0.0,0.0,0.0,0.0,0.0,0.0,0.0,0.18244294954150533,0.0,0.0,0.0,0.0,0.0,0.0,0.18244294954150533,0.0,0.0,0.0
1.32,-0.03113441489959695,0.0,0.0,0.14670162234939543,-0.28443279255020154,0.0,-0.03113441489959695,0.0,0.0,0.14670162234939543,-0.28443279255020154,0.0,0.0,0.0,0.0,0.0,0.0,0.0,0.19283464100420072,0.0,0.0,0.0,0.0,0.0,0.0,0.19283464100420072,0.0,0.0,0.0
1.34,-0.02473866399122729,0.0,0.0,0.13710799598684098,-0.28763066800438636,0.0,-0.02473866399122729,0.0,0.0,0.13710799598684098,-0.28763066800438636,0.0,0.0,0.0,0.0,0.0,0.0,0.0,0.20364926517965692,0.0,0.0,0.0,0.0,0.0,0.0,0.20364926517965692,0.0,0.0,0.0
1.36,-0.01903458950679604,0.0,0.0,0.1285518842601941,-0.290482705246602,0.0,-0.01903458950679604,0.0,0.0,0.1285518842601941,-0.290482705246602,0.0,0.0,0.0,0.0,0.0,0.0,0.0,0.21484414168698557,0.0,0.0,0.0,0.0,0.0,0.0,0.21484414168698557,0.0,0.0,0.0
1.3800000000000001,-0.014044702822349708,0.0,0.0,0.1210670542335246,-0.29297764858882513,0.0,-0.014044702822349708,0.0,0.0,0.1210670542335246,-0.29297764858882513,0.0,0.0,0.0,0.0,0.0,0.0,0.0,0.22637508946306442,0.0,0.0,0.0,0.0,0.0,0.0,0.22637508946306442,0.0,0.0,0.0
1.4000000000000001,-0.0097886967409693,0.0,0.0,0.114683045111454,-0.29510565162951535,0.0,-0.0097886967409693,0.0,0.0,0.114683045111454,-0.29510565162951535,0.0,0.0,0.0,0.0,0.0,0.0,0.0,0.23819660112501048,0.0,0.0,0.0,0.0,0.0,0.0,0.23819660112501048,0.0,0.0,0.0
1.42,-0.006283367774273796,0.0,0.0,0.10942505166141075,-0.2968583161128631,0.0,-0.006283367774273796,0.0,0.0,0.10942505166141075,-0.2968583161128631,0.0,0.0,0.0,0.0,0.0,0.0,0.0,0.2502620225670289,0.0,0.0,0.0,0.0,0.0,0.0,0.2502620225670289,0.0,0.0,0.0
1.44,-0.0035425498542622502,0.0,0.0,0.1053138247813934,-0.2982287250728689,0.0,-0.0035425498542622502,0.0,0.0,0.1053138247813934,-0.2982287250728689,0.0,0.0,0.0,0.0,0.0,0.0,0.0,0.26252373708285504,0.0,0.0,0.0,0.0,0.0,0.0,0.26252373708285504,0.0,0.0,0.0
1.46,-0.0015770597371044526,0.0,0.0,0.10236558960565673,-0.2992114701314478,0.0,-0.0015770597371044526,0.0,0.0,0.10236558960565673,-0.2992114701314478,0.0,0.0,0.0,0.0,0.0,0.0,0.0,0.2749333532871391,0.0,0.0,0.0,0.0,0.0,0.0,0.2749333532871391,0.0,0.0,0.0
1.48,-0.00039465431434568266,0.0,0.0,0.10059198147151854,-0.2998026728428272,0.0,-0.00039465431434568266,0.0,0.0,0.10059198147151854,-0.2998026728428272,0.0,0.0,0.0,0.0,0.0,0.0,0.0,0.28744189609413734,0.0,0.0,0.0,0.0,0.0,0.0,0.28744189609413734,0.0,0.0,0.0
1.5,0.0,0.0,0.0,0.10000000000000003,-0.30000000000000004,0.0,0.0,0.0,0.0,0.10000000000000003,-0.30000000000000004,0.0,0.0,0.0,0.0,0.0,0.0,0.0,0.29999999999999993,0.0,0.0,0.0,0.0,0.0,0.0,0.29999999999999993,0.0,0.0,0.0
1.52,-0.00039465431434568266,0.0,0.0,0.10059198147151854,-0.2998026728428272,0.0,-0.00039465431434568266,0.0,0.0,0.10059198147151854,-0.2998026728428272,0.0,0.0,0.0,0.0,0.0,0.0,0.0,0.3125581039058626,0.0,0.0,0.0,0.0,0.0,0.0,0.3125581039058626,0.0,0.0,0.0
1.54,-0.0015770597371044248,0.0,0.0,0.10236558960565667,-0.2992114701314478,0.0,-0.0015770597371044248,0.0,0.0,0.10236558960565667,-0.2992114701314478,0.0,0.0,0.0,0.0,0.0,0.0,0.0,0.32506664671286084,0.0,0.0,0.0,0.0,0.0,0.0,0.32506664671286084,0.0,0.0,0.0
1.56,-0.0035425498542622502,0.0,0.0,0.1053138247813934,-0.2982287250728689,0.0,-0.0035425498542622502,0.0,0.0,0.1053138247813934,-0.2982287250728689,0.0,0.0,0.0,0.0,0.0,0.0,0.0,0.33747626291714483,0.0,0.0,0.0,0.0,0.0,0.0,0.33747626291714483,0.0,0.0,0.0
1.58,-0.006283367774273796,0.0,0.0,0.1094250516614107,-0.2968583161128631,0.0,-0.006283367774273796,0.0,0.0,0.1094250516614107,-0.2968583161128631,0.0,0.0,0.0,0.0,0.0,0.0,0.0,0.34973797743297097,0.0,0.0,0.0,0.0,0.0,0.0,0.34973797743297097,0.0,0.0,0.0
1.6,-0.009788696740969272,0.0,0.0,0.11468304511145394,-0.2951056516295154,0.0,-0.009788696740969272,0.0,0.0,0.11468304511145394,-0.2951056516295154,0.0,0.0,0.0,0.0,0.0,0.0,0.0,0.36180339887498947,0.0,0.0,0.0,0.0,0.0,0.0,0.36180339887498947,0.0,0.0,0.0
1.62,-0.014044702822349764,0.0,0.0,0.12106705423352465,-0.29297764858882513,0.0,-0.014044702822349764,0.0,0.0,0.12106705423352465,-0.29297764858882513,0.0,0.0,0.0,0.0,0.0,0.0,0.0,0.37362491053693564,0.0,0.0,0.0,0.0,0.0,0.0,0.37362491053693564,0.0,0.0,0.0
1.6400000000000001,-0.019034589506796096,0.0,0.0,0.12855188426019415,-0.29048270524660197,0.0,-0.019034589506796096,0.0,0.0,0.12855188426019415,-0.29048270524660197,0.0,0.0,0.0,0.0,0.0,0.0,0.0,0.3851558583130145,0.0,0.0,0.0,0.0,0.0,0.0,0.3851558583130145,0.0,0.0,0.0
1.6600000000000001,-0.024738663991227317,0.0,0.0,0.13710799598684104,-0.28763066800438636,0.0,-0.024738663991227317,0.0,0.0,0.13710799598684104,-0.28763066800438636,0.0,0.0,0.0,0.0,0.0,0.0,0.0,0.3963507348203431,0.0,0.0,0.0,0.0,0.0,0.0,0.3963507348203431,0.0,0.0,0.0
1.68,-0.031134414899596896,0.0,0.0,0.14670162234939538,-0.2844327925502016,0.0,-0.031134414899596896,0.0,0.0,0.14670162234939538,-0.2844327925502016,0.0,0.0,0.0,0.0,0.0,0.0,0.0,0.4071653589957992,0.0,0.0,0.0,0.0,0.0,0.0,0.4071653589957992,0.0,0.0,0.0
1.7,-0.0381966011250105,0.0,0.0,0.15729490168751575,-0.28090169943749477,0.0,-0.0381966011250105,0.0,0.0,0.15729490168751575,-0.28090169943749477,0.0,0.0,0.0,0.0,0.0,0.0,0.0,0.41755705045849456,0.0,0.0,0.0,0.0,0.0,0.0,0.41755705045849456,0.0,0.0,0.0
1.72,-0.04589735144484208,0.0,0.0,0.16884602716726316,-0.27705132427757895,0.0,-0.04589735144484208,0.0,0.0,0.16884602716726316,-0.27705132427757895,0.0,0.0,0.0,0.0,0.0,0.0,0.0,0.4274847979497378,0.0,0.0,0.0,0.0,0.0,0.0,0.4274847979497378,0.0,0.0,0.0
1.74,-0.05420627451571769,0.0,0.0,0.18130941177357657,-0.2728968627421412,0.0,-0.05420627451571769,0.0,0.0,0.18130941177357657,-0.2728968627421412,0.0,0.0,0.0,0.0,0.0,0.0,0.0,0.4369094211857377,0.0,0.0,0.0,0.0,0.0,0.0,0.4369094211857377,0.0,0.0,0.0
1.76,-0.06309057881426222,0.0,0.0,0.19463586822139334,-0.2684547105928689,0.0,-0.06309057881426222,0.0,0.0,0.19463586822139334,-0.2684547105928689,0.0,0.0,0.0,0.0,0.0,0.0,0.0,0.4457937254842822,0.0,0.0,0.0,0.0,0.0,0.0,0.4457937254842822,0.0,0.0,0.0
1.78,-0.07251520205026207,0.0,0.0,0.20877280307539314,-0.26374239897486895,0.0,-0.07251520205026207,0.0,0.0,0.20877280307539314,-0.26374239897486895,0.0,0.0,0.0,0.0,0.0,0.0,0.0,0.45410264855515786,0.0,0.0,0.0,0.0,0.0,0.0,0.45410264855515786,0.0,0.0,0.0
1.8,-0.08244294954150533,0.0,0.0,0.22366442431225803,-0.2587785252292474,0.0,-0.08244294954150533,0.0,0.0,0.22366442431225803,-0.2587785252292474,0.0,0.0,0.0,0.0,0.0,0.0,0.0,0.46180339887498945,0.0,0.0,0.0,0.0,0.0,0.0,0.46180339887498945,0.0,0.0,0.0
1.82,-0.09283464100420075,0.0,0.0,0.23925196150630113,-0.25358267949789964,0.0,-0.09283464100420075,0.0,0.0,0.23925196150630113,-0.25358267949789964,0.0,0.0,0.0,0.0,0.0,0.0,0.0,0.46886558510040305,0.0,0.0,0.0,0.0,0.0,0.0,0.46886558510040305,0.0,0.0,0.0
1.84,-0.10364926517965695,0.0,0.0,0.2554738977694854,-0.24817536741017154,0.0,-0.10364926517965695,0.0,0.0,0.2554738977694854,-0.24817536741017154,0.0,0.0,0.0,0.0,0.0,0.0,0.0,0.47526133600877274,0.0,0.0,0.0,0.0,0.0,0.0,0.47526133600877274,0.0,0.0,0.0
1.86,-0.11484414168698556,0.0,0.0,0.27226621253047834,-0.24257792915650722,0.0,-0.11484414168698556,0.0,0.0,0.27226621253047834,-0.24257792915650722,0.0,0.0,0.0,0.0,0.0,0.0,0.0,0.48096541049320396,0.0,0.0,0.0,0.0,0.0,0.0,0.48096541049320396,0.0,0.0,0.0
1.8800000000000001,-0.12637508946306442,0.0,0.0,0.28956263419459666,-0.2368124552684678,0.0,-0.12637508946306442,0.0,0.0,0.28956263419459666,-0.2368124552684678,0.0,0.0,0.0,0.0,0.0,0.0,0.0,0.4859552971776503,0.0,0.0,0.0,0.0,0.0,0.0,0.4859552971776503,0.0,0.0,0.0
1.9000000000000001,-0.13819660112501048,0.0,0.0,0.3072949016875157,-0.23090169943749478,0.0,-0.13819660112501048,0.0,0.0,0.3072949016875157,-0.23090169943749478,0.0,0.0,0.0,0.0,0.0,0.0,0.0,0.49021130325903073,0.0,0.0,0.0,0.0,0.0,0.0,0.49021130325903073,0.0,0.0,0.0
1.92,-0.15026202256702895,0.0,0.0,0.3253930338505434,-0.22486898871648556,0.0,-0.15026202256702895,0.0,0.0,0.3253930338505434,-0.22486898871648556,0.0,0.0,0.0,0.0,0.0,0.0,0.0,0.4937166322257262,0.0,0.0,0.0,0.0,0.0,0.0,0.4937166322257262,0.0,0.0,0.0
1.94,-0.16252373708285506,0.0,0.0,0.3437856056242826,-0.2187381314585725,0.0,-0.16252373708285506,0.0,0.0,0.3437856056242826,-0.2187381314585725,0.0,0.0,0.0,0.0,0.0,0.0,0.0,0.4964574501457377,0.0,0.0,0.0,0.0,0.0,0.0,0.4964574501457377,0.0,0.0,0.0
1.96,-0.17493335328713908,0.0,0.0,0.36240002993070863,-0.21253332335643046,0.0,-0.17493335328713908,0.0,0.0,0.36240002993070863,-0.21253332335643046,0.0,0.0,0.0,0.0,0.0,0.0,0.0,0.4984229402628956,0.0,0.0,0.0,0.0,0.0,0.0,0.4984229402628956,0.0,0.0,0.0
1.98,-0.18744189609413736,0.0,0.0,0.38116284414120605,-0.20627905195293134,0.0,-0.18744189609413736,0.0,0.0,0.38116284414120605,-0.20627905195293134,0.0,0.0,0.0,0.0,0.0,0.0,0.0,0.4996053456856543,0.0,0.0,0.0,0.0,0.0,0.0,0.4996053456856543,0.0,0.0,0.0
2.0,-0.19999999999999996,0.0,0.0,0.39999999999999997,-0.20000000000000004,0.0,-0.19999999999999996,0.0,0.0,0.39999999999999997,-0.20000000000000004,0.0,0.0,0.0,0.0,0.0,0.0,0.0,0.5,0.0,0.0,0.0,0.0,0.0,0.0,0.5,0.0,0.0,0.0
2.02,-0.21255810390586258,0.0,0.0,0.41883715585879383,-0.19372094804706874,0.0,-0.21255810390586258,0.0,0.0,0.41883715585879383,-0.19372094804706874,0.0,0.0,0.0,0.0,0.0,0.0,0.0,0.4996053456856543,0.0,0.0,0.0,0.0,0.0,0.0,0.4996053456856543,0.0,0.0,0.0
2.04,-0.22506664671286086,0.0,0.0,0.4375999700692913,-0.18746667664356959,0.0,-0.22506664671286086,0.0,0.0,0.4375999700692913,-0.18746667664356959,0.0,0.0,0.0,0.0,0.0,0.0,0.0,0.4984229402628956,0.0,0.0,0.0,0.0,0.0,0.0,0.4984229402628956,0.0,0.0,0.0
2.06,-0.23747626291714485,0.0,0.0,0.4562143943757173,-0.1812618685414276,0.0,-0.23747626291714485,0.0,0.0,0.4562143943757173,-0.1812618685414276,0.0,0.0,0.0,0.0,0.0,0.0,0.0,0.4964574501457377,0.0,0.0,0.0,0.0,0.0,0.0,0.4964574501457377,0.0,0.0,0.0
2.08,-0.249737977432971,0.0,0.0,0.47460696614945647,-0.17513101128351452,0.0,-0.249737977432971,0.0,0.0,0.47460696614945647,-0.17513101128351452,0.0,0.0,0.0,0.0,0.0,0.0,0.0,0.4937166322257262,0.0,0.0,0.0,0.0,0.0,0.0,0.4937166322257262,0.0,0.0,0.0
2.1,-0.26180339887498943,0.0,0.0,0.49270509831248416,-0.1690983005625053,0.0,-0.26180339887498943,0.0,0.0,0.49270509831248416,-0.1690983005625053,0.0,0.0,0.0,0.0,0.0,0.0,0.0,0.49021130325903073,0.0,0.0,0.0,0.0,0.0,0.0,0.49021130325903073,0.0,0.0,0.0
2.12,-0.27362491053693566,0.0,0.0,0.5104373658054034,-0.16318754473153219,0.0,-0.27362491053693566,0.0,0.0,0.5104373658054034,-0.16318754473153219,0.0,0.0,0.0,0.0,0.0,0.0,0.0,0.4859552971776503,0.0,0.0,0.0,0.0,0.0,0.0,0.4859552971776503,0.0,0.0,0.0
2.14,-0.28515585831301454,0.0,0.0,0.5277337874695218,-0.15742207084349275,0.0,-0.28515585831301454,0.0,0.0,0.5277337874695218,-0.15742207084349275,0.0,0.0,0.0,0.0,0.0,0.0,0.0,0.4809654104932039,0.0,0.0,0.0,0.0,0.0,0.0,0.4809654104932039,0.0,0.0,0.0
2.16,-0.29635073482034313,0.0,0.0,0.5445261022305147,-0.15182463258982845,0.0,-0.29635073482034313,0.0,0.0,0.5445261022305147,-0.15182463258982845,0.0,0.0,0.0,0.0,0.0,0.0,0.0,0.4752613360087727,0.0,0.0,0.0,0.0,0.0,0.0,0.4752613360087727,0.0,0.0,0.0
2.18,-0.30716535899579933,0.0,0.0,0.560748038493699,-0.14641732050210035,0.0,-0.30716535899579933,0.0,0.0,0.560748038493699,-0.14641732050210035,0.0,0.0,0.0,0.0,0.0,0.0,0.0,0.468865585100403,0.0,0.0,0.0,0.0,0.0,0.0,0.468865585100403,0.0,0.0,0.0
2.2,-0.31755705045849475,0.0,0.0,0.5763355756877421,-0.14122147477075264,0.0,-0.31755705045849475,0.0,0.0,0.5763355756877421,-0.14122147477075264,0.0,0.0,0.0,0.0,0.0,0.0,0.0,0.4618033988749894,0.0,0.0,0.0,0.0,0.0,0.0,0.4618033988749894,0.0,0.0,0.0
2.22,-0.32748479794973795,0.0,0.0,0.591227196924607,-0.13625760102513101,0.0,-0.32748479794973795,0.0,0.0,0.591227196924607,-0.13625760102513101,0.0,0.0,0.0,0.0,0.0,0.0,0.0,0.4541026485551578,0.0,0.0,0.0,0.0,0.0,0.0,0.4541026485551578,0.0,0.0,0.0
2.24,-0.33690942118573786,0.0,0.0,0.6053641317786068,-0.13154528940713106,0.0,-0.33690942118573786,0.0,0.0,0.6053641317786068,-0.13154528940713106,0.0,0.0,0.0,0.0,0.0,0.0,0.0,0.4457937254842822,0.0,0.0,0.0,0.0,0.0,0.0,0.4457937254842822,0.0,0.0,0.0
2.2600000000000002,-0.34579372548428233,0.0,0.0,0.6186905882264235,-0.12710313725785882,0.0,-0.34579372548428233,0.0,0.0,0.6186905882264235,-0.12710313725785882,0.0,0.0,0.0,0.0,0.0,0.0,0.0,0.43690942118573767,0.0,0.0,0.0,0.0,0.0,0.0,0.43690942118573767,0.0,0.0,0.0
2.2800000000000002,-0.3541026485551579,0.0,0.0,0.6311539728327368,-0.12294867572242107,0.0,-0.3541026485551579,0.0,0.0,0.6311539728327368,-0.12294867572242107,0.0,0.0,0.0,0.0,0.0,0.0,0.0,0.4274847979497379,0.0,0.0,0.0,0.0,0.0,0.0,0.4274847979497379,0.0,0.0,0.0
2.3000000000000003,-0.3618033988749896,0.0,0.0,0.6427050983124843,-0.11909830056250523,0.0,-0.3618033988749896,0.0,0.0,0.6427050983124843,-0.11909830056250523,0.0,0.0,0.0,0.0,0.0,0.0,0.0,0.41755705045849456,0.0,0.0,0.0,0.0,0.0,0.0,0.41755705045849456,0.0,0.0,0.0
2.32,-0.36886558510040296,0.0,0.0,0.6532983776506045,-0.11556720744979854,0.0,-0.36886558510040296,0.0,0.0,0.6532983776506045,-0.11556720744979854,0.0,0.0,0.0,0.0,0.0,0.0,0.0,0.4071653589957994,0.0,0.0,0.0,0.0,0.0,0.0,0.4071653589957994,0.0,0.0,0.0
2.34,-0.37526133600877265,0.0,0.0,0.662892004013159,-0.11236933199561369,0.0,-0.37526133600877265,0.0,0.0,0.662892004013159,-0.11236933199561369,0.0,0.0,0.0,0.0,0.0,0.0,0.0,0.3963507348203432,0.0,0.0,0.0,0.0,0.0,0.0,0.3963507348203432,0.0,0.0,0.0
2.36,-0.38096541049320387,0.0,0.0,0.6714481157398058,-0.10951729475339807,0.0,-0.38096541049320387,0.0,0.0,0.6714481157398058,-0.10951729475339807,0.0,0.0,0.0,0.0,0.0,0.0,0.0,0.3851558583130146,0.0,0.0,0.0,0.0,0.0,0.0,0.3851558583130146,0.0,0.0,0.0
2.38,-0.38595529717765026,0.0,0.0,0.6789329457664753,-0.10702235141117489,0.0,-0.38595529717765026,0.0,0.0,0.6789329457664753,-0.10702235141117489,0.0,0.0,0.0,0.0,0.0,0.0,0.0,0.37362491053693575,0.0,0.0,0.0,0.0,0.0,0.0,0.37362491053693575,0.0,0.0,0.0
2.4,-0.39021130325903075,0.0,0.0,0.685316954888546,-0.10489434837048466,0.0,-0.39021130325903075,0.0,0.0,0.685316954888546,-0.10489434837048466,0.0,0.0,0.0,0.0,0.0,0.0,0.0,0.3618033988749895,0.0,0.0,0.0,0.0,0.0,0.0,0.3618033988749895,0.0,0.0,0.0
2.42,-0.3937166322257262,0.0,0.0,0.6905749483385892,-0.1031416838871369,0.0,-0.3937166322257262,0.0,0.0,0.6905749483385892,-0.1031416838871369,0.0,0.0,0.0,0.0,0.0,0.0,0.0,0.3497379774329711,0.0,0.0,0.0,0.0,0.0,0.0,0.3497379774329711,0.0,0.0,0.0
2.44,-0.39645745014573774,0.0,0.0,0.6946861752186066,-0.10177127492713114,0.0,-0.39645745014573774,0.0,0.0,0.6946861752186066,-0.10177127492713114,0.0,0.0,0.0,0.0,0.0,0.0,0.0,0.33747626291714494,0.0,0.0,0.0,0.0,0.0,0.0,0.33747626291714494,0.0,0.0,0.0
2.46,-0.3984229402628956,0.0,0.0,0.6976344103943433,-0.10078852986855223,0.0,-0.3984229402628956,0.0,0.0,0.6976344103943433,-0.10078852986855223,0.0,0.0,0.0,0.0,0.0,0.0,0.0,0.32506664671286095,0.0,0.0,0.0,0.0,0.0,0.0,0.32506664671286095,0.0,0.0,0.0
2.48,-0.3996053456856543,0.0,0.0,0.6994080185284814,-0.10019732715717285,0.0,-0.3996053456856543,0.0,0.0,0.6994080185284814,-0.10019732715717285,0.0,0.0,0.0,0.0,0.0,0.0,0.0,0.31255810390586264,0.0,0.0,0.0,0.0,0.0,0.0,0.31255810390586264,0.0,0.0,0.0
2.5,-0.4,0.0,0.0,0.7,-0.1,0.0,-0.4,0.0,0.0,0.7,-0.1,0.0,0.0,0.0,0.0,0.0,0.0,0.0,0.30000000000000004,0.0,0.0,0.0,0.0,0.0,0.0,0.30000000000000004,0.0,0.0,0.0
2.52,-0.3996053456856543,0.0,0.0,0.6994080185284814,-0.10019732715717285,0.0,-0.3996053456856543,0.0,0.0,0.6994080185284814,-0.10019732715717285,0.0,0.0,0.0,0.0,0.0,0.0,0.0,0.28744189609413745,0.0,0.0,0.0,0.0,0.0,0.0,0.28744189609413745,0.0,0.0,0.0
2.54,-0.3984229402628956,0.0,0.0,0.6976344103943434,-0.10078852986855222,0.0,-0.3984229402628956,0.0,0.0,0.6976344103943434,-0.10078852986855222,0.0,0.0,0.0,0.0,0.0,0.0,0.0,0.2749333532871392,0.0,0.0,0.0,0.0,0.0,0.0,0.2749333532871392,0.0,0.0,0.0
2.56,-0.39645745014573774,0.0,0.0,0.6946861752186066,-0.10177127492713114,0.0,-0.39645745014573774,0.0,0.0,0.6946861752186066,-0.10177127492713114,0.0,0.0,0.0,0.0,0.0,0.0,0.0,0.262523737082855,0.0,0.0,0.0,0.0,0.0,0.0,0.262523737082855,0.0,0.0,0.0
2.58,-0.3937166322257262,0.0,0.0,0.6905749483385893,-0.1031416838871369,0.0,-0.3937166322257262,0.0,0.0,0.6905749483385893,-0.1031416838871369,0.0,0.0,0.0,0.0,0.0,0.0,0.0,0.250262022567029,0.0,0.0,0.0,0.0,0.0,0.0,0.250262022567029,0.0,0.0,0.0
2.6,-0.39021130325903075,0.0,0.0,0.685316954888546,-0.10489434837048464,0.0,-0.39021130325903075,0.0,0.0,0.685316954888546,-0.10489434837048464,0.0,0.0,0.0,0.0,0.0,0.0,0.0,0.23819660112501057,0.0,0.0,0.0,0.0,0.0,0.0,0.23819660112501057,0.0,0.0,0.0
2.62,-0.38595529717765037,0.0,0.0,0.6789329457664754,-0.10702235141117483,0.0,-0.38595529717765037,0.0,0.0,0.6789329457664754,-0.10702235141117483,0.0,0.0,0.0,0.0,0.0,0.0,0.0,0.2263750894630645,0.0,0.0,0.0,0.0,0.0,0.0,0.2263750894630645,0.0,0.0,0.0
2.64,-0.38096541049320387,0.0,0.0,0.6714481157398058,-0.10951729475339808,0.0,-0.38096541049320387,0.0,0.0,0.6714481157398058,-0.10951729475339808,0.0,0.0,0.0,0.0,0.0,0.0,0.0,0.21484414168698532,0.0,0.0,0.0,0.0,0.0,0.0,0.21484414168698532,0.0,0.0,0.0
2.66,-0.3752613360087727,0.0,0.0,0.662892004013159,-0.11236933199561366,0.0,-0.3752613360087727,0.0,0.0,0.662892004013159,-0.11236933199561366,0.0,0.0,0.0,0.0,0.0,0.0,0.0,0.20364926517965687,0.0,0.0,0.0,0.0,0.0,0.0,0.20364926517965687,0.0,0.0,0.0
2.68,-0.368865585100403,0.0,0.0,0.6532983776506045,-0.1155672074497985,0.0,-0.368865585100403,0.0,0.0,0.6532983776506045,-0.1155672074497985,0.0,0.0,0.0,0.0,0.0,0.0,0.0,0.19283464100420067,0.0,0.0,0.0,0.0,0.0,0.0,0.19283464100420067,0.0,0.0,0.0
2.7,-0.3618033988749896,0.0,0.0,0.6427050983124843,-0.11909830056250524,0.0,-0.3618033988749896,0.0,0.0,0.6427050983124843,-0.11909830056250524,0.0,0.0,0.0,0.0,0.0,0.0,0.0,0.18244294954150542,0.0,0.0,0.0,0.0,0.0,0.0,0.18244294954150542,0.0,0.0,0.0
2.72,-0.3541026485551577,0.0,0.0,0.6311539728327366,-0.12294867572242114,0.0,-0.3541026485551577,0.0,0.0,0.6311539728327366,-0.12294867572242114,0.0,0.0,0.0,0.0,0.0,0.0,0.0,0.17251520205026188,0.0,0.0,0.0,0.0,0.0,0.0,0.17251520205026188,0.0,0.0,0.0
2.74,-0.3457937254842822,0.0,0.0,0.6186905882264233,-0.1271031372578589,0.0,-0.3457937254842822,0.0,0.0,0.6186905882264233,-0.1271031372578589,0.0,0.0,0.0,0.0,0.0,0.0,0.0,0.16309057881426214,0.0,0.0,0.0,0.0,0.0,0.0,0.16309057881426214,0.0,0.0,0.0
2.7600000000000002,-0.3369094211857377,0.0,0.0,0.6053641317786065,-0.13154528940713117,0.0,-0.3369094211857377,0.0,0.0,0.6053641317786065,-0.13154528940713117,0.0,0.0,0.0,0.0,0.0,0.0,0.0,0.15420627451571764,0.0,0.0,0.0,0.0,0.0,0.0,0.15420627451571764,0.0,0.0,0.0
2.7800000000000002,-0.32748479794973795,0.0,0.0,0.5912271969246069,-0.13625760102513101,0.0,-0.32748479794973795,0.0,0.0,0.5912271969246069,-0.13625760102513101,0.0,0.0,0.0,0.0,0.0,0.0,0.0,0.14589735144484212,0.0,0.0,0.0,0.0,0.0,0.0,0.14589735144484212,0.0,0.0,0.0
2.8000000000000003,-0.3175570504584947,0.0,0.0,0.576335575687742,-0.14122147477075267,0.0,-0.3175570504584947,0.0,0.0,0.576335575687742,-0.14122147477075267,0.0,0.0,0.0,0.0,0.0,0.0,0.0,0.13819660112501053,0.0,0.0,0.0,0.0,0.0,0.0,0.13819660112501053,0.0,0.0,0.0
2.82,-0.30716535899579944,0.0,0.0,0.5607480384936991,-0.1464173205021003,0.0,-0.30716535899579944,0.0,0.0,0.5607480384936991,-0.1464173205021003,0.0,0.0,0.0,0.0,0.0,0.0,0.0,0.13113441489959704,0.0,0.0,0.0,0.0,0.0,0.0,0.13113441489959704,0.0,0.0,0.0
2.84,-0.29635073482034324,0.0,0.0,0.5445261022305149,-0.1518246325898284,0.0,-0.29635073482034324,0.0,0.0,0.5445261022305149,-0.1518246325898284,0.0,0.0,0.0,0.0,0.0,0.0,0.0,0.12473866399122738,0.0,0.0,0.0,0.0,0.0,0.0,0.12473866399122738,0.0,0.0,0.0
2.86,-0.2851558583130148,0.0,0.0,0.5277337874695223,-0.1574220708434926,0.0,-0.2851558583130148,0.0,0.0,0.5277337874695223,-0.1574220708434926,0.0,0.0,0.0,0.0,0.0,0.0,0.0,0.11903458950679618,0.0,0.0,0.0,0.0,0.0,0.0,0.11903458950679618,0.0,0.0,0.0
2.88,-0.2736249105369356,0.0,0.0,0.5104373658054034,-0.1631875447315322,0.0,-0.2736249105369356,0.0,0.0,0.5104373658054034,-0.1631875447315322,0.0,0.0,0.0,0.0,0.0,0.0,0.0,0.11404470282234969,0.0,0.0,0.0,0.0,0.0,0.0,0.11404470282234969,0.0,0.0,0.0
2.9,-0.2618033988749896,0.0,0.0,0.4927050983124843,-0.16909830056250524,0.0,-0.2618033988749896,0.0,0.0,0.4927050983124843,-0.16909830056250524,0.0,0.0,0.0,0.0,0.0,0.0,0.0,0.1097886967409693,0.0,0.0,0.0,0.0,0.0,0.0,0.1097886967409693,0.0,0.0,0.0
2.92,-0.2497379774329711,0.0,0.0,0.47460696614945663,-0.17513101128351447,0.0,-0.2497379774329711,0.0,0.0,0.47460696614945663,-0.17513101128351447,0.0,0.0,0.0,0.0,0.0,0.0,0.0,0.10628336777427377,0.0,0.0,0.0,0.0,0.0,0.0,0.10628336777427377,0.0,0.0,0.0
2.94,-0.23747626291714516,0.0,0.0,0.4562143943757177,-0.18126186854142745,0.0,-0.23747626291714516,0.0,0.0,0.4562143943757177,-0.18126186854142745,0.0,0.0,0.0,0.0,0.0,0.0,0.0,0.10354254985426228,0.0,0.0,0.0,0.0,0.0,0.0,0.10354254985426228,0.0,0.0,0.0
2.96,-0.2250666467128608,0.0,0.0,0.4375999700692912,-0.1874666766435696,0.0,-0.2250666467128608,0.0,0.0,0.4375999700692912,-0.1874666766435696,0.0,0.0,0.0,0.0,0.0,0.0,0.0,0.1015770597371044,0.0,0.0,0.0,0.0,0.0,0.0,0.1015770597371044,0.0,0.0,0.0
2.98,-0.2125581039058627,0.0,0.0,0.41883715585879405,-0.1937209480470687,0.0,-0.2125581039058627,0.0,0.0,0.41883715585879405,-0.1937209480470687,0.0,0.0,0.0,0.0,0.0,0.0,0.0,0.10039465431434566,0.0,0.0,0.0,0.0,0.0,0.0,0.10039465431434566,0.0,0.0,0.0
3.0,-0.2000000000000001,0.0,0.0,0.40000000000000013,-0.19999999999999998,0.0,-0.2000000000000001,0.0,0.0,0.40000000000000013,-0.19999999999999998,0.0,0.0,0.0,0.0,0.0,0.0,0.0,0.09999999999999998,0.0,0.0,0.0,0.0,0.0,0.0,0.09999999999999998,0.0,0.0,0.0
3.02,-0.18744189609413747,0.0,0.0,0.3811628441412062,-0.20627905195293128,0.0,-0.18744189609413747,0.0,0.0,0.3811628441412062,-0.20627905195293128,0.0,0.0,0.0,0.0,0.0,0.0,0.0,0.10039465431434566,0.0,0.0,0.0,0.0,0.0,0.0,0.10039465431434566,0.0,0.0,0.0
3.04,-0.17493335328713938,0.0,0.0,0.3624000299307091,-0.21253332335643033,0.0,-0.17493335328713938,0.0,0.0,0.3624000299307091,-0.21253332335643033,0.0,0.0,0.0,0.0,0.0,0.0,0.0,0.10157705973710437,0.0,0.0,0.0,0.0,0.0,0.0,0.10157705973710437,0.0,0.0,0.0
3.06,-0.162523737082855,0.0,0.0,0.3437856056242825,-0.21873813145857252,0.0,-0.162523737082855,0.0,0.0,0.3437856056242825,-0.21873813145857252,0.0,0.0,0.0,0.0,0.0,0.0,0.0,0.10354254985426226,0.0,0.0,0.0,0.0,0.0,0.0,0.10354254985426226,0.0,0.0,0.0
3.08,-0.15026202256702906,0.0,0.0,0.3253930338505436,-0.22486898871648547,0.0,-0.15026202256702906,0.0,0.0,0.3253930338505436,-0.22486898871648547,0.0,0.0,0.0,0.0,0.0,0.0,0.0,0.10628336777427377,0.0,0.0,0.0,0.0,0.0,0.0,0.10628336777427377,0.0,0.0,0.0
3.1,-0.1381966011250106,0.0,0.0,0.3072949016875159,-0.23090169943749472,0.0,-0.1381966011250106,0.0,0.0,0.3072949016875159,-0.23090169943749472,0.0,0.0,0.0,0.0,0.0,0.0,0.0,0.10978869674096925,0.0,0.0,0.0,0.0,0.0,0.0,0.10978869674096925,0.0,0.0,0.0
3.12,-0.12637508946306455,0.0,0.0,0.2895626341945968,-0.23681245526846773,0.0,-0.12637508946306455,0.0,0.0,0.2895626341945968,-0.23681245526846773,0.0,0.0,0.0,0.0,0.0,0.0,0.0,0.11404470282234963,0.0,0.0,0.0,0.0,0.0,0.0,0.11404470282234963,0.0,0.0,0.0
3.14,-0.11484414168698535,0.0,0.0,0.27226621253047806,-0.24257792915650733,0.0,-0.11484414168698535,0.0,0.0,0.27226621253047806,-0.24257792915650733,0.0,0.0,0.0,0.0,0.0,0.0,0.0,0.11903458950679613,0.0,0.0,0.0,0.0,0.0,0.0,0.11903458950679613,0.0,0.0,0.0
3.16,-0.10364926517965689,0.0,0.0,0.25547389776948537,-0.24817536741017157,0.0,-0.10364926517965689,0.0,0.0,0.25547389776948537,-0.24817536741017157,0.0,0.0,0.0,0.0,0.0,0.0,0.0,0.1247386639912273,0.0,0.0,0.0,0.0,0.0,0.0,0.1247386639912273,0.0,0.0,0.0
3.18,-0.09283464100420069,0.0,0.0,0.23925196150630107,-0.2535826794978997,0.0,-0.09283464100420069,0.0,0.0,0.23925196150630107,-0.2535826794978997,0.0,0.0,0.0,0.0,0.0,0.0,0.0,0.13113441489959696,0.0,0.0,0.0,0.0,0.0,0.0,0.13113441489959696,0.0,0.0,0.0
3.2,-0.08244294954150544,0.0,0.0,0.2236644243122582,-0.25877852522924727,0.0,-0.08244294954150544,0.0,0.0,0.2236644243122582,-0.25877852522924727,0.0,0.0,0.0,0.0,0.0,0.0,0.0,0.13819660112501045,0.0,0.0,0.0,0.0,0.0,0.0,0.13819660112501045,0.0,0.0,0.0
3.22,-0.0725152020502619,0.0,0.0,0.20877280307539287,-0.26374239897486906,0.0,-0.0725152020502619,0.0,0.0,0.20877280307539287,-0.26374239897486906,0.0,0.0,0.0,0.0,0.0,0.0,0.0,0.14589735144484225,0.0,0.0,0.0,0.0,0.0,0.0,0.14589735144484225,0.0,0.0,0.0
3.24,-0.06309057881426217,0.0,0.0,0.19463586822139328,-0.26845471059286896,0.0,-0.06309057881426217,0.0,0.0,0.19463586822139328,-0.26845471059286896,0.0,0.0,0.0,0.0,0.0,0.0,0.0,0.15420627451571775,0.0,0.0,0.0,0.0,0.0,0.0,0.15420627451571775,0.0,0.0,0.0
3.2600000000000002,-0.05420627451571766,0.0,0.0,0.18130941177357648,-0.2728968627421412,0.0,-0.05420627451571766,0.0,0.0,0.18130941177357648,-0.2728968627421412,0.0,0.0,0.0,0.0,0.0,0.0,0.0,0.1630905788142623,0.0,0.0,0.0,0.0,0.0,0.0,0.1630905788142623,0.0,0.0,0.0
3.2800000000000002,-0.04589735144484214,0.0,0.0,0.16884602716726327,-0.27705132427757895,0.0,-0.04589735144484214,0.0,0.0,0.16884602716726327,-0.27705132427757895,0.0,0.0,0.0,0.0,0.0,0.0,0.0,0.17251520205026202,0.0,0.0,0.0,0.0,0.0,0.0,0.17251520205026202,0.0,0.0,0.0
3.3000000000000003,-0.038196601125010554,0.0,0.0,0.15729490168751586,-0.28090169943749477,0.0,-0.038196601125010554,0.0,0.0,0.15729490168751586,-0.28090169943749477,0.0,0.0,0.0,0.0,0.0,0.0,0.0,0.1824429495415053,0.0,0.0,0.0,0.0,0.0,0.0,0.1824429495415053,0.0,0.0,0.0
3.3200000000000003,-0.03113441489959687,0.0,0.0,0.14670162234939532,-0.2844327925502016,0.0,-0.03113441489959687,0.0,0.0,0.14670162234939532,-0.2844327925502016,0.0,0.0,0.0,0.0,0.0,0.0,0.0,0.19283464100420084,0.0,0.0,0.0,0.0,0.0,0.0,0.19283464100420084,0.0,0.0,0.0
3.34,-0.0247386639912274,0.0,0.0,0.13710799598684115,-0.2876306680043863,0.0,-0.0247386639912274,0.0,0.0,0.13710799598684115,-0.2876306680043863,0.0,0.0,0.0,0.0,0.0,0.0,0.0,0.20364926517965673,0.0,0.0,0.0,0.0,0.0,0.0,0.20364926517965673,0.0,0.0,0.0
3.36,-0.019034589506796207,0.0,0.0,0.12855188426019437,-0.2904827052466019,0.0,-0.019034589506796207,0.0,0.0,0.12855188426019437,-0.2904827052466019,0.0,0.0,0.0,0.0,0.0,0.0,0.0,0.21484414168698518,0.0,0.0,0.0,0.0,0.0,0.0,0.21484414168698518,0.0,0.0,0.0
3.38,-0.014044702822349736,0.0,0.0,0.12106705423352465,-0.29297764858882513,0.0,-0.014044702822349736,0.0,0.0,0.12106705423352465,-0.29297764858882513,0.0,0.0,0.0,0.0,0.0,0.0,0.0,0.2263750894630644,0.0,0.0,0.0,0.0,0.0,0.0,0.2263750894630644,0.0,0.0,0.0
3.4,-0.009788696740969327,0.0,0.0,0.114683045111454,-0.29510565162951535,0.0,-0.009788696740969327,0.0,0.0,0.114683045111454,-0.29510565162951535,0.0,0.0,0.0,0.0,0.0,0.0,0.0,0.23819660112501043,0.0,0.0,0.0,0.0,0.0,0.0,0.23819660112501043,0.0,0.0,0.0
3.42,-0.006283367774273796,0.0,0.0,0.10942505166141075,-0.2968583161128631,0.0,-0.006283367774273796,0.0,0.0,0.10942505166141075,-0.2968583161128631,0.0,0.0,0.0,0.0,0.0,0.0,0.0,0.2502620225670289,0.0,0.0,0.0,0.0,0.0,0.0,0.2502620225670289,0.0,0.0,0.0
3.44,-0.0035425498542623057,0.0,0.0,0.1053138247813935,-0.29822872507286885,0.0,-0.0035425498542623057,0.0,0.0,0.1053138247813935,-0.29822872507286885,0.0,0.0,0.0,0.0,0.0,0.0,0.0,0.2625237370828548,0.0,0.0,0.0,0.0,0.0,0.0,0.2625237370828548,0.0,0.0,0.0
3.46,-0.0015770597371044248,0.0,0.0,0.10236558960565667,-0.2992114701314478,0.0,-0.0015770597371044248,0.0,0.0,0.10236558960565667,-0.2992114701314478,0.0,0.0,0.0,0.0,0.0,0.0,0.0,0.2749333532871392,0.0,0.0,0.0,0.0,0.0,0.0,0.2749333532871392,0.0,0.0,0.0
3.48,-0.00039465431434568266,0.0,0.0,0.10059198147151854,-0.2998026728428272,0.0,-0.00039465431434568266,0.0,0.0,0.10059198147151854,-0.2998026728428272,0.0,0.0,0.0,0.0,0.0,0.0,0.0,0.2874418960941373,0.0,0.0,0.0,0.0,0.0,0.0,0.2874418960941373,0.0,0.0,0.0
3.5,0.0,0.0,0.0,0.10000000000000003,-0.30000000000000004,0.0,0.0,0.0,0.0,0.10000000000000003,-0.30000000000000004,0.0,0.0,0.0,0.0,0.0,0.0,0.0,0.2999999999999999,0.0,0.0,0.0,0.0,0.0,0.0,0.2999999999999999,0.0,0.0,0.0
3.52,-0.00039465431434568266,0.0,0.0,0.10059198147151854,-0.2998026728428272,0.0,-0.00039465431434568266,0.0,0.0,0.10059198147151854,-0.2998026728428272,0.0,0.0,0.0,0.0,0.0,0.0,0.0,0.3125581039058625,0.0,0.0,0.0,0.0,0.0,0.0,0.3125581039058625,0.0,0.0,0.0
3.54,-0.001577059737104397,0.0,0.0,0.10236558960565662,-0.29921147013144783,0.0,-0.001577059737104397,0.0,0.0,0.10236558960565662,-0.29921147013144783,0.0,0.0,0.0,0.0,0.0,0.0,0.0,0.3250666467128606,0.0,0.0,0.0,0.0,0.0,0.0,0.3250666467128606,0.0,0.0,0.0
3.56,-0.003542549854262278,0.0,0.0,0.10531382478139345,-0.2982287250728689,0.0,-0.003542549854262278,0.0,0.0,0.10531382478139345,-0.2982287250728689,0.0,0.0,0.0,0.0,0.0,0.0,0.0,0.33747626291714494,0.0,0.0,0.0,0.0,0.0,0.0,0.33747626291714494,0.0,0.0,0.0
3.58,-0.006283367774273768,0.0,0.0,0.1094250516614107,-0.2968583161128631,0.0,-0.006283367774273768,0.0,0.0,0.1094250516614107,-0.2968583161128631,0.0,0.0,0.0,0.0,0.0,0.0,0.0,0.3497379774329709,0.0,0.0,0.0,0.0,0.0,0.0,0.3497379774329709,0.0,0.0,0.0
3.6,-0.009788696740969244,0.0,0.0,0.11468304511145389,-0.2951056516295154,0.0,-0.009788696740969244,0.0,0.0,0.11468304511145389,-0.2951056516295154,0.0,0.0,0.0,0.0,0.0,0.0,0.0,0.3618033988749894,0.0,0.0,0.0,0.0,0.0,0.0,0.3618033988749894,0.0,0.0,0.0
3.62,-0.014044702822349653,0.0,0.0,0.12106705423352454,-0.2929776485888252,0.0,-0.014044702822349653,0.0,0.0,0.12106705423352454,-0.2929776485888252,0.0,0.0,0.0,0.0,0.0,0.0,0.0,0.3736249105369354,0.0,0.0,0.0,0.0,0.0,0.0,0.3736249105369354,0.0,0.0,0.0
3.64,-0.01903458950679615,0.0,0.0,0.12855188426019426,-0.2904827052466019,0.0,-0.01903458950679615,0.0,0.0,0.12855188426019426,-0.2904827052466019,0.0,0.0,0.0,0.0,0.0,0.0,0.0,0.38515585831301463,0.0,0.0,0.0,0.0,0.0,0.0,0.38515585831301463,0.0,0.0,0.0
3.66,-0.024738663991227317,0.0,0.0,0.13710799598684098,-0.28763066800438636,0.0,-0.024738663991227317,0.0,0.0,0.13710799598684098,-0.28763066800438636,0.0,0.0,0.0,0.0,0.0,0.0,0.0,0.3963507348203431,0.0,0.0,0.0,0.0,0.0,0.0,0.3963507348203431,0.0,0.0,0.0
3.68,-0.03113441489959698,0.0,0.0,0.1467016223493955,-0.28443279255020154,0.0,-0.03113441489959698,0.0,0.0,0.1467016223493955,-0.28443279255020154,0.0,0.0,0.0,0.0,0.0,0.0,0.0,0.4071653589957993,0.0,0.0,0.0,0.0,0.0,0.0,0.4071653589957993,0.0,0.0,0.0
3.7,-0.03819660112501047,0.0,0.0,0.15729490168751573,-0.28090169943749477,0.0,-0.03819660112501047,0.0,0.0,0.15729490168751573,-0.28090169943749477,0.0,0.0,0.0,0.0,0.0,0.0,0.0,0.41755705045849456,0.0,0.0,0.0,0.0,0.0,0.0,0.41755705045849456,0.0,0.0,0.0
3.72,-0.04589735144484228,0.0,0.0,0.16884602716726346,-0.2770513242775789,0.0,-0.04589735144484228,0.0,0.0,0.16884602716726346,-0.2770513242775789,0.0,0.0,0.0,0.0,0.0,0.0,0.0,0.42748479794973804,0.0,0.0,0.0,0.0,0.0,0.0,0.42748479794973804,0.0,0.0,0.0
3.74,-0.05420627451571777,0.0,0.0,0.1813094117735767,-0.27289686274214114,0.0,-0.05420627451571777,0.0,0.0,0.1813094117735767,-0.27289686274214114,0.0,0.0,0.0,0.0,0.0,0.0,0.0,0.43690942118573783,0.0,0.0,0.0,0.0,0.0,0.0,0.43690942118573783,0.0,0.0,0.0
3.7600000000000002,-0.0630905788142623,0.0,0.0,0.19463586822139348,-0.26845471059286885,0.0,-0.0630905788142623,0.0,0.0,0.19463586822139348,-0.26845471059286885,0.0,0.0,0.0,0.0,0.0,0.0,0.0,0.4457937254842823,0.0,0.0,0.0,0.0,0.0,0.0,0.4457937254842823,0.0,0.0,0.0
3.7800000000000002,-0.07251520205026205,0.0,0.0,0.20877280307539312,-0.263742398974869,0.0,-0.07251520205026205,0.0,0.0,0.20877280307539312,-0.263742398974869,0.0,0.0,0.0,0.0,0.0,0.0,0.0,0.4541026485551578,0.0,0.0,0.0,0.0,0.0,0.0,0.4541026485551578,0.0,0.0,0.0
3.8000000000000003,-0.08244294954150531,0.0,0.0,0.223664424312258,-0.2587785252292474,0.0,-0.08244294954150531,0.0,0.0,0.223664424312258,-0.2587785252292474,0.0,0.0,0.0,0.0,0.0,0.0,0.0,0.46180339887498945,0.0,0.0,0.0,0.0,0.0,0.0,0.46180339887498945,0.0,0.0,0.0
3.8200000000000003,-0.09283464100420086,0.0,0.0,0.2392519615063013,-0.2535826794978996,0.0,-0.09283464100420086,0.0,0.0,0.2392519615063013,-0.2535826794978996,0.0,0.0,0.0,0.0,0.0,0.0,0.0,0.4688655851004031,0.0,0.0,0.0,0.0,0.0,0.0,0.4688655851004031,0.0,0.0,0.0
3.84,-0.10364926517965674,0.0,0.0,0.25547389776948515,-0.24817536741017165,0.0,-0.10364926517965674,0.0,0.0,0.25547389776948515,-0.24817536741017165,0.0,0.0,0.0,0.0,0.0,0.0,0.0,0.47526133600877263,0.0,0.0,0.0,0.0,0.0,0.0,0.47526133600877263,0.0,0.0,0.0
3.86,-0.1148441416869852,0.0,0.0,0.2722662125304778,-0.24257792915650742,0.0,-0.1148441416869852,0.0,0.0,0.2722662125304778,-0.24257792915650742,0.0,0.0,0.0,0.0,0.0,0.0,0.0,0.4809654104932038,0.0,0.0,0.0,0.0,0.0,0.0,0.4809654104932038,0.0,0.0,0.0
3.88,-0.1263750894630644,0.0,0.0,0.2895626341945966,-0.23681245526846784,0.0,-0.1263750894630644,0.0,0.0,0.2895626341945966,-0.23681245526846784,0.0,0.0,0.0,0.0,0.0,0.0,0.0,0.4859552971776503,0.0,0.0,0.0,0.0,0.0,0.0,0.4859552971776503,0.0,0.0,0.0
3.9,-0.13819660112501042,0.0,0.0,0.30729490168751566,-0.2309016994374948,0.0,-0.13819660112501042,0.0,0.0,0.30729490168751566,-0.2309016994374948,0.0,0.0,0.0,0.0,0.0,0.0,0.0,0.4902113032590307,0.0,0.0,0.0,0.0,0.0,0.0,0.4902113032590307,0.0,0.0,0.0
3.92,-0.1502620225670289,0.0,0.0,0.32539303385054336,-0.22486898871648558,0.0,-0.1502620225670289,0.0,0.0,0.32539303385054336,-0.22486898871648558,0.0,0.0,0.0,0.0,0.0,0.0,0.0,0.4937166322257262,0.0,0.0,0.0,0.0,0.0,0.0,0.4937166322257262,0.0,0.0,0.0
3.94,-0.16252373708285484,0.0,0.0,0.3437856056242823,-0.2187381314585726,0.0,-0.16252373708285484,0.0,0.0,0.3437856056242823,-0.2187381314585726,0.0,0.0,0.0,0.0,0.0,0.0,0.0,0.4964574501457377,0.0,0.0,0.0,0.0,0.0,0.0,0.4964574501457377,0.0,0.0,0.0
3.96,-0.17493335328713921,0.0,0.0,0.3624000299307088,-0.2125333233564304,0.0,-0.17493335328713921,0.0,0.0,0.3624000299307088,-0.2125333233564304,0.0,0.0,0.0,0.0,0.0,0.0,0.0,0.4984229402628956,0.0,0.0,0.0,0.0,0.0,0.0,0.4984229402628956,0.0,0.0,0.0
3.98,-0.1874418960941373,0.0,0.0,0.381162844141206,-0.20627905195293136,0.0,-0.1874418960941373,0.0,0.0,0.381162844141206,-0.20627905195293136,0.0,0.0,0.0,0.0,0.0,0.0,0.0,0.4996053456856543,0.0,0.0,0.0,0.0,0.0,0.0,0.4996053456856543,0.0,0.0,0.0
4.0,-0.1999999999999999,0.0,0.0,0.39999999999999986,-0.20000000000000007,0.0,-0.1999999999999999,0.0,0.0,0.39999999999999986,-0.20000000000000007,0.0,0.0,0.0,0.0,0.0,0.0,0.0,0.5,0.0,0.0,0.0,0.0,0.0,0.0,0.5,0.0,0.0,0.0
4.0200000000000005,-0.21255810390586288,0.0,0.0,0.41883715585879433,-0.19372094804706858,0.0,-0.21255810390586288,0.0,0.0,0.41883715585879433,-0.19372094804706858,0.0,0.0,0.0,0.0,0.0,0.0,0.0,0.4996053456856543,0.0,0.0,0.0,0.0,0.0,0.0,0.4996053456856543,0.0,0.0,0.0
4.04,-0.2250666467128606,0.0,0.0,0.4375999700692909,-0.1874666766435697,0.0,-0.2250666467128606,0.0,0.0,0.4375999700692909,-0.1874666766435697,0.0,0.0,0.0,0.0,0.0,0.0,0.0,0.4984229402628956,0.0,0.0,0.0,0.0,0.0,0.0,0.4984229402628956,0.0,0.0,0.0
4.0600000000000005,-0.237476262917145,0.0,0.0,0.4562143943757175,-0.18126186854142753,0.0,-0.237476262917145,0.0,0.0,0.4562143943757175,-0.18126186854142753,0.0,0.0,0.0,0.0,0.0,0.0,0.0,0.4964574501457377,0.0,0.0,0.0,0.0,0.0,0.0,0.4964574501457377,0.0,0.0,0.0
4.08,-0.24973797743297094,0.0,0.0,0.4746069661494564,-0.17513101128351455,0.0,-0.24973797743297094,0.0,0.0,0.4746069661494564,-0.17513101128351455,0.0,0.0,0.0,0.0,0.0,0.0,0.0,0.49371663222572626,0.0,0.0,0.0,0.0,0.0,0.0,0.49371663222572626,0.0,0.0,0.0
4.1,-0.26180339887498905,0.0,0.0,0.4927050983124836,-0.1690983005625055,0.0,-0.26180339887498905,0.0,0.0,0.4927050983124836,-0.1690983005625055,0.0,0.0,0.0,0.0,0.0,0.0,0.0,0.49021130325903084,0.0,0.0,0.0,0.0,0.0,0.0,0.49021130325903084,0.0,0.0,0.0
4.12,-0.27362491053693544,0.0,0.0,0.5104373658054031,-0.1631875447315323,0.0,-0.27362491053693544,0.0,0.0,0.5104373658054031,-0.1631875447315323,0.0,0.0,0.0,0.0,0.0,0.0,0.0,0.48595529717765035,0.0,0.0,0.0,0.0,0.0,0.0,0.48595529717765035,0.0,0.0,0.0
4.14,-0.2851558583130143,0.0,0.0,0.5277337874695215,-0.15742207084349286,0.0,-0.2851558583130143,0.0,0.0,0.5277337874695215,-0.15742207084349286,0.0,0.0,0.0,0.0,0.0,0.0,0.0,0.480965410493204,0.0,0.0,0.0,0.0,0.0,0.0,0.480965410493204,0.0,0.0,0.0
4.16,-0.29635073482034313,0.0,0.0,0.5445261022305147,-0.15182463258982848,0.0,-0.29635073482034313,0.0,0.0,0.5445261022305147,-0.15182463258982848,0.0,0.0,0.0,0.0,0.0,0.0,0.0,0.4752613360087727,0.0,0.0,0.0,0.0,0.0,0.0,0.4752613360087727,0.0,0.0,0.0
4.18,-0.307165358995799,0.0,0.0,0.5607480384936985,-0.14641732050210052,0.0,-0.307165358995799,0.0,0.0,0.5607480384936985,-0.14641732050210052,0.0,0.0,0.0,0.0,0.0,0.0,0.0,0.4688655851004032,0.0,0.0,0.0,0.0,0.0,0.0,0.4688655851004032,0.0,0.0,0.0
4.2,-0.3175570504584946,0.0,0.0,0.5763355756877419,-0.14122147477075275,0.0,-0.3175570504584946,0.0,0.0,0.5763355756877419,-0.14122147477075275,0.0,0.0,0.0,0.0,0.0,0.0,0.0,0.46180339887498956,0.0,0.0,0.0,0.0,0.0,0.0,0.46180339887498956,0.0,0.0,0.0
4.22,-0.32748479794973784,0.0,0.0,0.5912271969246068,-0.1362576010251311,0.0,-0.32748479794973784,0.0,0.0,0.5912271969246068,-0.1362576010251311,0.0,0.0,0.0,0.0,0.0,0.0,0.0,0.454102648555158,0.0,0.0,0.0,0.0,0.0,0.0,0.454102648555158,0.0,0.0,0.0
4.24,-0.33690942118573786,0.0,0.0,0.6053641317786067,-0.13154528940713112,0.0,-0.33690942118573786,0.0,0.0,0.6053641317786067,-0.13154528940713112,0.0,0.0,0.0,0.0,0.0,0.0,0.0,0.4457937254842822,0.0,0.0,0.0,0.0,0.0,0.0,0.4457937254842822,0.0,0.0,0.0
4.26,-0.3457937254842821,0.0,0.0,0.6186905882264231,-0.12710313725785896,0.0,-0.3457937254842821,0.0,0.0,0.6186905882264231,-0.12710313725785896,0.0,0.0,0.0,0.0,0.0,0.0,0.0,0.43690942118573795,0.0,0.0,0.0,0.0,0.0,0.0,0.43690942118573795,0.0,0.0,0.0
4.28,-0.35410264855515783,0.0,0.0,0.6311539728327368,-0.12294867572242109,0.0,-0.35410264855515783,0.0,0.0,0.6311539728327368,-0.12294867572242109,0.0,0.0,0.0,0.0,0.0,0.0,0.0,0.4274847979497379,0.0,0.0,0.0,0.0,0.0,0.0,0.4274847979497379,0.0,0.0,0.0
4.3,-0.36180339887498947,0.0,0.0,0.6427050983124841,-0.1190983005625053,0.0,-0.36180339887498947,0.0,0.0,0.6427050983124841,-0.1190983005625053,0.0,0.0,0.0,0.0,0.0,0.0,0.0,0.4175570504584947,0.0,0.0,0.0,0.0,0.0,0.0,0.4175570504584947,0.0,0.0,0.0
4.32,-0.3688655851004031,0.0,0.0,0.6532983776506047,-0.11556720744979845,0.0,-0.3688655851004031,0.0,0.0,0.6532983776506047,-0.11556720744979845,0.0,0.0,0.0,0.0,0.0,0.0,0.0,0.4071653589957992,0.0,0.0,0.0,0.0,0.0,0.0,0.4071653589957992,0.0,0.0,0.0
4.34,-0.37526133600877265,0.0,0.0,0.662892004013159,-0.1123693319956137,0.0,-0.37526133600877265,0.0,0.0,0.662892004013159,-0.1123693319956137,0.0,0.0,0.0,0.0,0.0,0.0,0.0,0.3963507348203433,0.0,0.0,0.0,0.0,0.0,0.0,0.3963507348203433,0.0,0.0,0.0
4.36,-0.3809654104932039,0.0,0.0,0.6714481157398059,-0.10951729475339805,0.0,-0.3809654104932039,0.0,0.0,0.6714481157398059,-0.10951729475339805,0.0,0.0,0.0,0.0,0.0,0.0,0.0,0.38515585831301447,0.0,0.0,0.0,0.0,0.0,0.0,0.38515585831301447,0.0,0.0,0.0
4.38,-0.3859552971776503,0.0,0.0,0.6789329457664754,-0.10702235141117487,0.0,-0.3859552971776503,0.0,0.0,0.6789329457664754,-0.10702235141117487,0.0,0.0,0.0,0.0,0.0,0.0,0.0,0.37362491053693564,0.0,0.0,0.0,0.0,0.0,0.0,0.37362491053693564,0.0,0.0,0.0
4.4,-0.3902113032590308,0.0,0.0,0.6853169548885463,-0.10489434837048461,0.0,-0.3902113032590308,0.0,0.0,0.6853169548885463,-0.10489434837048461,0.0,0.0,0.0,0.0,0.0,0.0,0.0,0.36180339887498925,0.0,0.0,0.0,0.0,0.0,0.0,0.36180339887498925,0.0,0.0,0.0
4.42,-0.39371663222572617,0.0,0.0,0.6905749483385892,-0.10314168388713692,0.0,-0.39371663222572617,0.0,0.0,0.6905749483385892,-0.10314168388713692,0.0,0.0,0.0,0.0,0.0,0.0,0.0,0.34973797743297114,0.0,0.0,0.0,0.0,0.0,0.0,0.34973797743297114,0.0,0.0,0.0
4.44,-0.3964574501457378,0.0,0.0,0.6946861752186066,-0.10177127492713112,0.0,-0.3964574501457378,0.0,0.0,0.6946861752186066,-0.10177127492713112,0.0,0.0,0.0,0.0,0.0,0.0,0.0,0.33747626291714483,0.0,0.0,0.0,0.0,0.0,0.0,0.33747626291714483,0.0,0.0,0.0
4.46,-0.3984229402628956,0.0,0.0,0.6976344103943434,-0.10078852986855222,0.0,-0.3984229402628956,0.0,0.0,0.6976344103943434,-0.10078852986855222,0.0,0.0,0.0,0.0,0.0,0.0,0.0,0.3250666467128608,0.0,0.0,0.0,0.0,0.0,0.0,0.3250666467128608,0.0,0.0,0.0
4.48,-0.39960534568565437,0.0,0.0,0.6994080185284814,-0.10019732715717283,0.0,-0.39960534568565437,0.0,0.0,0.6994080185284814,-0.10019732715717283,0.0,0.0,0.0,0.0,0.0,0.0,0.0,0.31255810390586236,0.0,0.0,0.0,0.0,0.0,0.0,0.31255810390586236,0.0,0.0,0.0
4.5,-0.4,0.0,0.0,0.7,-0.1,0.0,-0.4,0.0,0.0,0.7,-0.1,0.0,0.0,0.0,0.0,0.0,0.0,0.0,0.3000000000000001,0.0,0.0,0.0,0.0,0.0,0.0,0.3000000000000001,0.0,0.0,0.0
4.5200000000000005,-0.3996053456856543,0.0,0.0,0.6994080185284814,-0.10019732715717285,0.0,-0.3996053456856543,0.0,0.0,0.6994080185284814,-0.10019732715717285,0.0,0.0,0.0,0.0,0.0,0.0,0.0,0.2874418960941371,0.0,0.0,0.0,0.0,0.0,0.0,0.2874418960941371,0.0,0.0,0.0
4.54,-0.3984229402628956,0.0,0.0,0.6976344103943435,-0.1007885298685522,0.0,-0.3984229402628956,0.0,0.0,0.6976344103943435,-0.1007885298685522,0.0,0.0,0.0,0.0,0.0,0.0,0.0,0.2749333532871394,0.0,0.0,0.0,0.0,0.0,0.0,0.2749333532871394,0.0,0.0,0.0
4.5600000000000005,-0.39645745014573774,0.0,0.0,0.6946861752186066,-0.10177127492713114,0.0,-0.39645745014573774,0.0,0.0,0.6946861752186066,-0.10177127492713114,0.0,0.0,0.0,0.0,0.0,0.0,0.0,0.26252373708285504,0.0,0.0,0.0,0.0,0.0,0.0,0.26252373708285504,0.0,0.0,0.0
4.58,-0.3937166322257263,0.0,0.0,0.6905749483385893,-0.10314168388713689,0.0,-0.3937166322257263,0.0,0.0,0.6905749483385893,-0.10314168388713689,0.0,0.0,0.0,0.0,0.0,0.0,0.0,0.25026202256702906,0.0,0.0,0.0,0.0,0.0,0.0,0.25026202256702906,0.0,0.0,0.0
4.6000000000000005,-0.39021130325903064,0.0,0.0,0.685316954888546,-0.10489434837048468,0.0,-0.39021130325903064,0.0,0.0,0.685316954888546,-0.10489434837048468,0.0,0.0,0.0,0.0,0.0,0.0,0.0,0.2381966011250103,0.0,0.0,0.0,0.0,0.0,0.0,0.2381966011250103,0.0,0.0,0.0
4.62,-0.38595529717765037,0.0,0.0,0.6789329457664756,-0.10702235141117483,0.0,-0.38595529717765037,0.0,0.0,0.6789329457664756,-0.10702235141117483,0.0,0.0,0.0,0.0,0.0,0.0,0.0,0.22637508946306456,0.0,0.0,0.0,0.0,0.0,0.0,0.22637508946306456,0.0,0.0,0.0
4.64,-0.38096541049320404,0.0,0.0,0.671448115739806,-0.109517294753398,0.0,-0.38096541049320404,0.0,0.0,0.671448115739806,-0.109517294753398,0.0,0.0,0.0,0.0,0.0,0.0,0.0,0.21484414168698568,0.0,0.0,0.0,0.0,0.0,0.0,0.21484414168698568,0.0,0.0,0.0
4.66,-0.3752613360087727,0.0,0.0,0.6628920040131591,-0.11236933199561366,0.0,-0.3752613360087727,0.0,0.0,0.6628920040131591,-0.11236933199561366,0.0,0.0,0.0,0.0,0.0,0.0,0.0,0.20364926517965692,0.0,0.0,0.0,0.0,0.0,0.0,0.20364926517965692,0.0,0.0,0.0
4.68,-0.36886558510040324,0.0,0.0,0.6532983776506049,-0.11556720744979838,0.0,-0.36886558510040324,0.0,0.0,0.6532983776506049,-0.11556720744979838,0.0,0.0,0.0,0.0,0.0,0.0,0.0,0.192834641004201,0.0,0.0,0.0,0.0,0.0,0.0,0.192834641004201,0.0,0.0,0.0
4.7,-0.3618033988749896,0.0,0.0,0.6427050983124843,-0.11909830056250523,0.0,-0.3618033988749896,0.0,0.0,0.6427050983124843,-0.11909830056250523,0.0,0.0,0.0,0.0,0.0,0.0,0.0,0.18244294954150544,0.0,0.0,0.0,0.0,0.0,0.0,0.18244294954150544,0.0,0.0,0.0
4.72,-0.354102648555158,0.0,0.0,0.6311539728327369,-0.12294867572242102,0.0,-0.354102648555158,0.0,0.0,0.6311539728327369,-0.12294867572242102,0.0,0.0,0.0,0.0,0.0,0.0,0.0,0.1725152020502622,0.0,0.0,0.0,0.0,0.0,0.0,0.1725152020502622,0.0,0.0,0.0
4.74,-0.3457937254842822,0.0,0.0,0.6186905882264234,-0.12710313725785888,0.0,-0.3457937254842822,0.0,0.0,0.6186905882264234,-0.12710313725785888,0.0,0.0,0.0,0.0,0.0,0.0,0.0,0.16309057881426217,0.0,0.0,0.0,0.0,0.0,0.0,0.16309057881426217,0.0,0.0,0.0
4.76,-0.33690942118573797,0.0,0.0,0.6053641317786069,-0.131545289407131,0.0,-0.33690942118573797,0.0,0.0,0.6053641317786069,-0.131545289407131,0.0,0.0,0.0,0.0,0.0,0.0,0.0,0.1542062745157179,0.0,0.0,0.0,0.0,0.0,0.0,0.1542062745157179,0.0,0.0,0.0
4.78,-0.32748479794973795,0.0,0.0,0.591227196924607,-0.13625760102513101,0.0,-0.32748479794973795,0.0,0.0,0.591227196924607,-0.13625760102513101,0.0,0.0,0.0,0.0,0.0,0.0,0.0,0.14589735144484217,0.0,0.0,0.0,0.0,0.0,0.0,0.14589735144484217,0.0,0.0,0.0
4.8,-0.31755705045849475,0.0,0.0,0.5763355756877421,-0.14122147477075264,0.0,-0.31755705045849475,0.0,0.0,0.5763355756877421,-0.14122147477075264,0.0,0.0,0.0,0.0,0.0,0.0,0.0,0.13819660112501056,0.0,0.0,0.0,0.0,0.0,0.0,0.13819660112501056,0.0,0.0,0.0
4.82,-0.3071653589957992,0.0,0.0,0.5607480384936988,-0.14641732050210043,0.0,-0.3071653589957992,0.0,0.0,0.5607480384936988,-0.14641732050210043,0.0,0.0,0.0,0.0,0.0,0.0,0.0,0.13113441489959687,0.0,0.0,0.0,0.0,0.0,0.0,0.13113441489959687,0.0,0.0,0.0
4.84,-0.2963507348203433,0.0,0.0,0.544526102230515,-0.15182463258982837,0.0,-0.2963507348203433,0.0,0.0,0.544526102230515,-0.15182463258982837,0.0,0.0,0.0,0.0,0.0,0.0,0.0,0.1247386639912274,0.0,0.0,0.0,0.0,0.0,0.0,0.1247386639912274,0.0,0.0,0.0
4.86,-0.28515585831301454,0.0,0.0,0.5277337874695218,-0.15742207084349275,0.0,-0.28515585831301454,0.0,0.0,0.5277337874695218,-0.15742207084349275,0.0,0.0,0.0,0.0,0.0,0.0,0.0,0.11903458950679607,0.0,0.0,0.0,0.0,0.0,0.0,0.11903458950679607,0.0,0.0,0.0
4.88,-0.27362491053693566,0.0,0.0,0.5104373658054034,-0.16318754473153219,0.0,-0.27362491053693566,0.0,0.0,0.5104373658054034,-0.16318754473153219,0.0,0.0,0.0,0.0,0.0,0.0,0.0,0.11404470282234971,0.0,0.0,0.0,0.0,0.0,0.0,0.11404470282234971,0.0,0.0,0.0
4.9,-0.26180339887498927,0.0,0.0,0.4927050983124839,-0.16909830056250538,0.0,-0.26180339887498927,0.0,0.0,0.4927050983124839,-0.16909830056250538,0.0,0.0,0.0,0.0,0.0,0.0,0.0,0.1097886967409692,0.0,0.0,0.0,0.0,0.0,0.0,0.1097886967409692,0.0,0.0,0.0
4.92,-0.24973797743297116,0.0,0.0,0.47460696614945674,-0.17513101128351444,0.0,-0.24973797743297116,0.0,0.0,0.47460696614945674,-0.17513101128351444,0.0,0.0,0.0,0.0,0.0,0.0,0.0,0.1062833677742738,0.0,0.0,0.0,0.0,0.0,0.0,0.1062833677742738,0.0,0.0,0.0
4.94,-0.23747626291714485,0.0,0.0,0.45621439437571726,-0.1812618685414276,0.0,-0.23747626291714485,0.0,0.0,0.45621439437571726,-0.1812618685414276,0.0,0.0,0.0,0.0,0.0,0.0,0.0,0.10354254985426223,0.0,0.0,0.0,0.0,0.0,0.0,0.10354254985426223,0.0,0.0,0.0
4.96,-0.22506664671286084,0.0,0.0,0.43759997006929124,-0.18746667664356959,0.0,-0.22506664671286084,0.0,0.0,0.43759997006929124,-0.18746667664356959,0.0,0.0,0.0,0.0,0.0,0.0,0.0,0.1015770597371044,0.0,0.0,0.0,0.0,0.0,0.0,0.1015770597371044,0.0,0.0,0.0
4.98,-0.21255810390586238,0.0,0.0,0.41883715585879355,-0.19372094804706882,0.0,-0.21255810390586238,0.0,0.0,0.41883715585879355,-0.19372094804706882,0.0,0.0,0.0,0.0,0.0,0.0,0.0,0.10039465431434563,0.0,0.0,0.0,0.0,0.0,0.0,0.10039465431434563,0.0,0.0,0.0
